-- MySQL dump 10.13  Distrib 5.7.18, for Linux (x86_64)
--
-- Host: localhost    Database: otms
-- ------------------------------------------------------
-- Server version	5.7.18-0ubuntu0.16.04.1

/*!40101 SET @OLD_CHARACTER_SET_CLIENT=@@CHARACTER_SET_CLIENT */;
/*!40101 SET @OLD_CHARACTER_SET_RESULTS=@@CHARACTER_SET_RESULTS */;
/*!40101 SET @OLD_COLLATION_CONNECTION=@@COLLATION_CONNECTION */;
/*!40101 SET NAMES utf8 */;
/*!40103 SET @OLD_TIME_ZONE=@@TIME_ZONE */;
/*!40103 SET TIME_ZONE='+00:00' */;
/*!40014 SET @OLD_UNIQUE_CHECKS=@@UNIQUE_CHECKS, UNIQUE_CHECKS=0 */;
/*!40014 SET @OLD_FOREIGN_KEY_CHECKS=@@FOREIGN_KEY_CHECKS, FOREIGN_KEY_CHECKS=0 */;
/*!40101 SET @OLD_SQL_MODE=@@SQL_MODE, SQL_MODE='NO_AUTO_VALUE_ON_ZERO' */;
/*!40111 SET @OLD_SQL_NOTES=@@SQL_NOTES, SQL_NOTES=0 */;

--
-- Table structure for table `QRTZ_BLOB_TRIGGERS`
--

DROP TABLE IF EXISTS `QRTZ_BLOB_TRIGGERS`;
/*!40101 SET @saved_cs_client     = @@character_set_client */;
/*!40101 SET character_set_client = utf8 */;
CREATE TABLE `QRTZ_BLOB_TRIGGERS` (
  `SCHED_NAME` varchar(120) NOT NULL,
  `TRIGGER_NAME` varchar(200) NOT NULL,
  `TRIGGER_GROUP` varchar(200) NOT NULL,
  `BLOB_DATA` blob,
  PRIMARY KEY (`SCHED_NAME`,`TRIGGER_NAME`,`TRIGGER_GROUP`),
  CONSTRAINT `QRTZ_BLOB_TRIGGERS_ibfk_1` FOREIGN KEY (`SCHED_NAME`, `TRIGGER_NAME`, `TRIGGER_GROUP`) REFERENCES `QRTZ_TRIGGERS` (`SCHED_NAME`, `TRIGGER_NAME`, `TRIGGER_GROUP`)
) ENGINE=InnoDB DEFAULT CHARSET=utf8;
/*!40101 SET character_set_client = @saved_cs_client */;

--
-- Dumping data for table `QRTZ_BLOB_TRIGGERS`
--

LOCK TABLES `QRTZ_BLOB_TRIGGERS` WRITE;
/*!40000 ALTER TABLE `QRTZ_BLOB_TRIGGERS` DISABLE KEYS */;
/*!40000 ALTER TABLE `QRTZ_BLOB_TRIGGERS` ENABLE KEYS */;
UNLOCK TABLES;

--
-- Table structure for table `QRTZ_CALENDARS`
--

DROP TABLE IF EXISTS `QRTZ_CALENDARS`;
/*!40101 SET @saved_cs_client     = @@character_set_client */;
/*!40101 SET character_set_client = utf8 */;
CREATE TABLE `QRTZ_CALENDARS` (
  `SCHED_NAME` varchar(120) NOT NULL,
  `CALENDAR_NAME` varchar(200) NOT NULL,
  `CALENDAR` blob NOT NULL,
  PRIMARY KEY (`SCHED_NAME`,`CALENDAR_NAME`)
) ENGINE=InnoDB DEFAULT CHARSET=utf8;
/*!40101 SET character_set_client = @saved_cs_client */;

--
-- Dumping data for table `QRTZ_CALENDARS`
--

LOCK TABLES `QRTZ_CALENDARS` WRITE;
/*!40000 ALTER TABLE `QRTZ_CALENDARS` DISABLE KEYS */;
/*!40000 ALTER TABLE `QRTZ_CALENDARS` ENABLE KEYS */;
UNLOCK TABLES;

--
-- Table structure for table `QRTZ_CRON_TRIGGERS`
--

DROP TABLE IF EXISTS `QRTZ_CRON_TRIGGERS`;
/*!40101 SET @saved_cs_client     = @@character_set_client */;
/*!40101 SET character_set_client = utf8 */;
CREATE TABLE `QRTZ_CRON_TRIGGERS` (
  `SCHED_NAME` varchar(120) NOT NULL,
  `TRIGGER_NAME` varchar(200) NOT NULL,
  `TRIGGER_GROUP` varchar(200) NOT NULL,
  `CRON_EXPRESSION` varchar(200) NOT NULL,
  `TIME_ZONE_ID` varchar(80) DEFAULT NULL,
  PRIMARY KEY (`SCHED_NAME`,`TRIGGER_NAME`,`TRIGGER_GROUP`),
  CONSTRAINT `QRTZ_CRON_TRIGGERS_ibfk_1` FOREIGN KEY (`SCHED_NAME`, `TRIGGER_NAME`, `TRIGGER_GROUP`) REFERENCES `QRTZ_TRIGGERS` (`SCHED_NAME`, `TRIGGER_NAME`, `TRIGGER_GROUP`)
) ENGINE=InnoDB DEFAULT CHARSET=utf8;
/*!40101 SET character_set_client = @saved_cs_client */;

--
-- Dumping data for table `QRTZ_CRON_TRIGGERS`
--

LOCK TABLES `QRTZ_CRON_TRIGGERS` WRITE;
/*!40000 ALTER TABLE `QRTZ_CRON_TRIGGERS` DISABLE KEYS */;
INSERT INTO `QRTZ_CRON_TRIGGERS` VALUES ('scheduler','trigger_Lesson_326','calendar','0 0 13 ? * MON,TUE,WED,THU,FRI *','UTC');
/*!40000 ALTER TABLE `QRTZ_CRON_TRIGGERS` ENABLE KEYS */;
UNLOCK TABLES;

--
-- Table structure for table `QRTZ_FIRED_TRIGGERS`
--

DROP TABLE IF EXISTS `QRTZ_FIRED_TRIGGERS`;
/*!40101 SET @saved_cs_client     = @@character_set_client */;
/*!40101 SET character_set_client = utf8 */;
CREATE TABLE `QRTZ_FIRED_TRIGGERS` (
  `SCHED_NAME` varchar(120) NOT NULL,
  `ENTRY_ID` varchar(95) NOT NULL,
  `TRIGGER_NAME` varchar(200) NOT NULL,
  `TRIGGER_GROUP` varchar(200) NOT NULL,
  `INSTANCE_NAME` varchar(200) NOT NULL,
  `FIRED_TIME` bigint(13) NOT NULL,
  `SCHED_TIME` bigint(13) NOT NULL,
  `PRIORITY` int(11) NOT NULL,
  `STATE` varchar(16) NOT NULL,
  `JOB_NAME` varchar(200) DEFAULT NULL,
  `JOB_GROUP` varchar(200) DEFAULT NULL,
  `IS_NONCONCURRENT` varchar(1) DEFAULT NULL,
  `REQUESTS_RECOVERY` varchar(1) DEFAULT NULL,
  PRIMARY KEY (`SCHED_NAME`,`ENTRY_ID`)
) ENGINE=InnoDB DEFAULT CHARSET=utf8;
/*!40101 SET character_set_client = @saved_cs_client */;

--
-- Dumping data for table `QRTZ_FIRED_TRIGGERS`
--

LOCK TABLES `QRTZ_FIRED_TRIGGERS` WRITE;
/*!40000 ALTER TABLE `QRTZ_FIRED_TRIGGERS` DISABLE KEYS */;
/*!40000 ALTER TABLE `QRTZ_FIRED_TRIGGERS` ENABLE KEYS */;
UNLOCK TABLES;

--
-- Table structure for table `QRTZ_JOB_DETAILS`
--

DROP TABLE IF EXISTS `QRTZ_JOB_DETAILS`;
/*!40101 SET @saved_cs_client     = @@character_set_client */;
/*!40101 SET character_set_client = utf8 */;
CREATE TABLE `QRTZ_JOB_DETAILS` (
  `SCHED_NAME` varchar(120) NOT NULL,
  `JOB_NAME` varchar(200) NOT NULL,
  `JOB_GROUP` varchar(200) NOT NULL,
  `DESCRIPTION` varchar(250) DEFAULT NULL,
  `JOB_CLASS_NAME` varchar(250) NOT NULL,
  `IS_DURABLE` varchar(1) NOT NULL,
  `IS_NONCONCURRENT` varchar(1) NOT NULL,
  `IS_UPDATE_DATA` varchar(1) NOT NULL,
  `REQUESTS_RECOVERY` varchar(1) NOT NULL,
  `JOB_DATA` blob,
  PRIMARY KEY (`SCHED_NAME`,`JOB_NAME`,`JOB_GROUP`)
) ENGINE=InnoDB DEFAULT CHARSET=utf8;
/*!40101 SET character_set_client = @saved_cs_client */;

--
-- Dumping data for table `QRTZ_JOB_DETAILS`
--

LOCK TABLES `QRTZ_JOB_DETAILS` WRITE;
/*!40000 ALTER TABLE `QRTZ_JOB_DETAILS` DISABLE KEYS */;
INSERT INTO `QRTZ_JOB_DETAILS` VALUES ('scheduler','triggerLessonJob','calendar',NULL,'org.harper.otms.calendar.service.impl.TriggerLessonJobDetail$TriggerLessonJob','1','0','0','0','¨\Ì\0sr\0org.quartz.JobDataMapü∞ÉËø©∞\À\0\0xr\0&org.quartz.utils.StringKeyDirtyFlagMapÇ\Ë\√˚\≈](\0Z\0allowsTransientDataxr\0org.quartz.utils.DirtyFlagMap\Ê.≠(v\n\Œ\0Z\0dirtyL\0mapt\0Ljava/util/Map;xp\0sr\0java.util.HashMap\⁄¡\√`\—\0F\0\nloadFactorI\0	thresholdxp?@\0\0\0\0\0w\0\0\0\0\0\0\0x\0');
/*!40000 ALTER TABLE `QRTZ_JOB_DETAILS` ENABLE KEYS */;
UNLOCK TABLES;

--
-- Table structure for table `QRTZ_LOCKS`
--

DROP TABLE IF EXISTS `QRTZ_LOCKS`;
/*!40101 SET @saved_cs_client     = @@character_set_client */;
/*!40101 SET character_set_client = utf8 */;
CREATE TABLE `QRTZ_LOCKS` (
  `SCHED_NAME` varchar(120) NOT NULL,
  `LOCK_NAME` varchar(40) NOT NULL,
  PRIMARY KEY (`SCHED_NAME`,`LOCK_NAME`)
) ENGINE=InnoDB DEFAULT CHARSET=utf8;
/*!40101 SET character_set_client = @saved_cs_client */;

--
-- Dumping data for table `QRTZ_LOCKS`
--

LOCK TABLES `QRTZ_LOCKS` WRITE;
/*!40000 ALTER TABLE `QRTZ_LOCKS` DISABLE KEYS */;
/*!40000 ALTER TABLE `QRTZ_LOCKS` ENABLE KEYS */;
UNLOCK TABLES;

--
-- Table structure for table `QRTZ_PAUSED_TRIGGER_GRPS`
--

DROP TABLE IF EXISTS `QRTZ_PAUSED_TRIGGER_GRPS`;
/*!40101 SET @saved_cs_client     = @@character_set_client */;
/*!40101 SET character_set_client = utf8 */;
CREATE TABLE `QRTZ_PAUSED_TRIGGER_GRPS` (
  `SCHED_NAME` varchar(120) NOT NULL,
  `TRIGGER_GROUP` varchar(200) NOT NULL,
  PRIMARY KEY (`SCHED_NAME`,`TRIGGER_GROUP`)
) ENGINE=InnoDB DEFAULT CHARSET=utf8;
/*!40101 SET character_set_client = @saved_cs_client */;

--
-- Dumping data for table `QRTZ_PAUSED_TRIGGER_GRPS`
--

LOCK TABLES `QRTZ_PAUSED_TRIGGER_GRPS` WRITE;
/*!40000 ALTER TABLE `QRTZ_PAUSED_TRIGGER_GRPS` DISABLE KEYS */;
/*!40000 ALTER TABLE `QRTZ_PAUSED_TRIGGER_GRPS` ENABLE KEYS */;
UNLOCK TABLES;

--
-- Table structure for table `QRTZ_SCHEDULER_STATE`
--

DROP TABLE IF EXISTS `QRTZ_SCHEDULER_STATE`;
/*!40101 SET @saved_cs_client     = @@character_set_client */;
/*!40101 SET character_set_client = utf8 */;
CREATE TABLE `QRTZ_SCHEDULER_STATE` (
  `SCHED_NAME` varchar(120) NOT NULL,
  `INSTANCE_NAME` varchar(200) NOT NULL,
  `LAST_CHECKIN_TIME` bigint(13) NOT NULL,
  `CHECKIN_INTERVAL` bigint(13) NOT NULL,
  PRIMARY KEY (`SCHED_NAME`,`INSTANCE_NAME`)
) ENGINE=InnoDB DEFAULT CHARSET=utf8;
/*!40101 SET character_set_client = @saved_cs_client */;

--
-- Dumping data for table `QRTZ_SCHEDULER_STATE`
--

LOCK TABLES `QRTZ_SCHEDULER_STATE` WRITE;
/*!40000 ALTER TABLE `QRTZ_SCHEDULER_STATE` DISABLE KEYS */;
/*!40000 ALTER TABLE `QRTZ_SCHEDULER_STATE` ENABLE KEYS */;
UNLOCK TABLES;

--
-- Table structure for table `QRTZ_SIMPLE_TRIGGERS`
--

DROP TABLE IF EXISTS `QRTZ_SIMPLE_TRIGGERS`;
/*!40101 SET @saved_cs_client     = @@character_set_client */;
/*!40101 SET character_set_client = utf8 */;
CREATE TABLE `QRTZ_SIMPLE_TRIGGERS` (
  `SCHED_NAME` varchar(120) NOT NULL,
  `TRIGGER_NAME` varchar(200) NOT NULL,
  `TRIGGER_GROUP` varchar(200) NOT NULL,
  `REPEAT_COUNT` bigint(7) NOT NULL,
  `REPEAT_INTERVAL` bigint(12) NOT NULL,
  `TIMES_TRIGGERED` bigint(10) NOT NULL,
  PRIMARY KEY (`SCHED_NAME`,`TRIGGER_NAME`,`TRIGGER_GROUP`),
  CONSTRAINT `QRTZ_SIMPLE_TRIGGERS_ibfk_1` FOREIGN KEY (`SCHED_NAME`, `TRIGGER_NAME`, `TRIGGER_GROUP`) REFERENCES `QRTZ_TRIGGERS` (`SCHED_NAME`, `TRIGGER_NAME`, `TRIGGER_GROUP`)
) ENGINE=InnoDB DEFAULT CHARSET=utf8;
/*!40101 SET character_set_client = @saved_cs_client */;

--
-- Dumping data for table `QRTZ_SIMPLE_TRIGGERS`
--

LOCK TABLES `QRTZ_SIMPLE_TRIGGERS` WRITE;
/*!40000 ALTER TABLE `QRTZ_SIMPLE_TRIGGERS` DISABLE KEYS */;
/*!40000 ALTER TABLE `QRTZ_SIMPLE_TRIGGERS` ENABLE KEYS */;
UNLOCK TABLES;

--
-- Table structure for table `QRTZ_SIMPROP_TRIGGERS`
--

DROP TABLE IF EXISTS `QRTZ_SIMPROP_TRIGGERS`;
/*!40101 SET @saved_cs_client     = @@character_set_client */;
/*!40101 SET character_set_client = utf8 */;
CREATE TABLE `QRTZ_SIMPROP_TRIGGERS` (
  `SCHED_NAME` varchar(120) NOT NULL,
  `TRIGGER_NAME` varchar(200) NOT NULL,
  `TRIGGER_GROUP` varchar(200) NOT NULL,
  `STR_PROP_1` varchar(512) DEFAULT NULL,
  `STR_PROP_2` varchar(512) DEFAULT NULL,
  `STR_PROP_3` varchar(512) DEFAULT NULL,
  `INT_PROP_1` int(11) DEFAULT NULL,
  `INT_PROP_2` int(11) DEFAULT NULL,
  `LONG_PROP_1` bigint(20) DEFAULT NULL,
  `LONG_PROP_2` bigint(20) DEFAULT NULL,
  `DEC_PROP_1` decimal(13,4) DEFAULT NULL,
  `DEC_PROP_2` decimal(13,4) DEFAULT NULL,
  `BOOL_PROP_1` varchar(1) DEFAULT NULL,
  `BOOL_PROP_2` varchar(1) DEFAULT NULL,
  PRIMARY KEY (`SCHED_NAME`,`TRIGGER_NAME`,`TRIGGER_GROUP`),
  CONSTRAINT `QRTZ_SIMPROP_TRIGGERS_ibfk_1` FOREIGN KEY (`SCHED_NAME`, `TRIGGER_NAME`, `TRIGGER_GROUP`) REFERENCES `QRTZ_TRIGGERS` (`SCHED_NAME`, `TRIGGER_NAME`, `TRIGGER_GROUP`)
) ENGINE=InnoDB DEFAULT CHARSET=utf8;
/*!40101 SET character_set_client = @saved_cs_client */;

--
-- Dumping data for table `QRTZ_SIMPROP_TRIGGERS`
--

LOCK TABLES `QRTZ_SIMPROP_TRIGGERS` WRITE;
/*!40000 ALTER TABLE `QRTZ_SIMPROP_TRIGGERS` DISABLE KEYS */;
/*!40000 ALTER TABLE `QRTZ_SIMPROP_TRIGGERS` ENABLE KEYS */;
UNLOCK TABLES;

--
-- Table structure for table `QRTZ_TRIGGERS`
--

DROP TABLE IF EXISTS `QRTZ_TRIGGERS`;
/*!40101 SET @saved_cs_client     = @@character_set_client */;
/*!40101 SET character_set_client = utf8 */;
CREATE TABLE `QRTZ_TRIGGERS` (
  `SCHED_NAME` varchar(120) NOT NULL,
  `TRIGGER_NAME` varchar(200) NOT NULL,
  `TRIGGER_GROUP` varchar(200) NOT NULL,
  `JOB_NAME` varchar(200) NOT NULL,
  `JOB_GROUP` varchar(200) NOT NULL,
  `DESCRIPTION` varchar(250) DEFAULT NULL,
  `NEXT_FIRE_TIME` bigint(13) DEFAULT NULL,
  `PREV_FIRE_TIME` bigint(13) DEFAULT NULL,
  `PRIORITY` int(11) DEFAULT NULL,
  `TRIGGER_STATE` varchar(16) NOT NULL,
  `TRIGGER_TYPE` varchar(8) NOT NULL,
  `START_TIME` bigint(13) NOT NULL,
  `END_TIME` bigint(13) DEFAULT NULL,
  `CALENDAR_NAME` varchar(200) DEFAULT NULL,
  `MISFIRE_INSTR` smallint(2) DEFAULT NULL,
  `JOB_DATA` blob,
  PRIMARY KEY (`SCHED_NAME`,`TRIGGER_NAME`,`TRIGGER_GROUP`),
  KEY `SCHED_NAME` (`SCHED_NAME`,`JOB_NAME`,`JOB_GROUP`),
  CONSTRAINT `QRTZ_TRIGGERS_ibfk_1` FOREIGN KEY (`SCHED_NAME`, `JOB_NAME`, `JOB_GROUP`) REFERENCES `QRTZ_JOB_DETAILS` (`SCHED_NAME`, `JOB_NAME`, `JOB_GROUP`)
) ENGINE=InnoDB DEFAULT CHARSET=utf8;
/*!40101 SET character_set_client = @saved_cs_client */;

--
-- Dumping data for table `QRTZ_TRIGGERS`
--

LOCK TABLES `QRTZ_TRIGGERS` WRITE;
/*!40000 ALTER TABLE `QRTZ_TRIGGERS` DISABLE KEYS */;
INSERT INTO `QRTZ_TRIGGERS` VALUES ('scheduler','trigger_Lesson_326','calendar','triggerLessonJob','calendar',NULL,1498654800000,1498568400000,5,'WAITING','CRON',1498521600000,1498867199999,NULL,0,'¨\Ì\0sr\0org.quartz.JobDataMapü∞ÉËø©∞\À\0\0xr\0&org.quartz.utils.StringKeyDirtyFlagMapÇ\Ë\√˚\≈](\0Z\0allowsTransientDataxr\0org.quartz.utils.DirtyFlagMap\Ê.≠(v\n\Œ\0Z\0dirtyL\0mapt\0Ljava/util/Map;xpsr\0java.util.HashMap\⁄¡\√`\—\0F\0\nloadFactorI\0	thresholdxp?@\0\0\0\0\0w\0\0\0\0\0\0t\0lessonIdt\0326x\0');
/*!40000 ALTER TABLE `QRTZ_TRIGGERS` ENABLE KEYS */;
UNLOCK TABLES;

--
-- Table structure for table `action_log`
--

DROP TABLE IF EXISTS `action_log`;
/*!40101 SET @saved_cs_client     = @@character_set_client */;
/*!40101 SET character_set_client = utf8 */;
CREATE TABLE `action_log` (
  `id` int(11) NOT NULL AUTO_INCREMENT,
  `action_date` datetime NOT NULL,
  `operator_id` int(11) DEFAULT NULL,
  `type` varchar(45) NOT NULL,
  `from_val` varchar(45) DEFAULT NULL,
  `to_val` varchar(45) DEFAULT NULL,
  `comment` varchar(100) DEFAULT NULL,
  PRIMARY KEY (`id`),
  KEY `INDX_action_date` (`action_date`),
  KEY `FK_action_log_operator_id_idx` (`operator_id`),
  CONSTRAINT `FK_action_log_operator_id` FOREIGN KEY (`operator_id`) REFERENCES `user` (`id`)
) ENGINE=InnoDB AUTO_INCREMENT=29 DEFAULT CHARSET=utf8;
/*!40101 SET character_set_client = @saved_cs_client */;

--
-- Dumping data for table `action_log`
--

LOCK TABLES `action_log` WRITE;
/*!40000 ALTER TABLE `action_log` DISABLE KEYS */;
INSERT INTO `action_log` VALUES (15,'2017-06-11 17:28:00',27,'LESSON STATUS','REQUESTED','VALID','201'),(16,'2017-06-11 18:58:00',27,'LESSON STATUS','REQUESTED','VALID','226'),(17,'2017-06-11 19:07:00',27,'LESSON STATUS','REQUESTED','VALID','251'),(18,'2017-06-11 19:34:00',27,'LESSON STATUS','REQUESTED','VALID','276'),(20,'2017-06-11 21:47:00',27,'LESSON STATUS','REQUESTED','VALID','301'),(21,'2017-06-11 21:48:00',27,'LESSON STATUS','VALID','INVALID','201'),(22,'2017-06-11 21:51:00',27,'LESSON STATUS','VALID','INVALID','226'),(23,'2017-06-22 16:19:00',NULL,'LESSON TRIGGER',NULL,NULL,'251'),(24,'2017-06-22 16:19:00',NULL,'LESSON STATUS','VALID','INVALID','301'),(25,'2017-06-22 16:19:00',NULL,'LESSON STATUS','VALID','INVALID','251'),(26,'2017-06-22 16:19:00',NULL,'LESSON TRIGGER',NULL,NULL,'301'),(27,'2017-06-27 04:48:00',27,'LESSON STATUS','REQUESTED','VALID','326'),(28,'2017-06-27 13:00:00',NULL,'LESSON TRIGGER',NULL,NULL,'326');
/*!40000 ALTER TABLE `action_log` ENABLE KEYS */;
UNLOCK TABLES;

--
-- Table structure for table `calendar_entry`
--

DROP TABLE IF EXISTS `calendar_entry`;
/*!40101 SET @saved_cs_client     = @@character_set_client */;
/*!40101 SET character_set_client = utf8 */;
CREATE TABLE `calendar_entry` (
  `id` int(11) NOT NULL AUTO_INCREMENT,
  `calendar_type` varchar(31) NOT NULL,
  `repeat_from_time` int(11) DEFAULT NULL,
  `repeat_to_time` int(11) DEFAULT NULL,
  `date_exp` varchar(255) DEFAULT NULL,
  `repeat_start_date` date DEFAULT NULL,
  `repeat_stop_date` date DEFAULT NULL,
  `oneoff_from_time` datetime DEFAULT NULL,
  `oneoff_to_time` datetime DEFAULT NULL,
  PRIMARY KEY (`id`)
) ENGINE=InnoDB AUTO_INCREMENT=20 DEFAULT CHARSET=utf8;
/*!40101 SET character_set_client = @saved_cs_client */;

--
-- Dumping data for table `calendar_entry`
--

LOCK TABLES `calendar_entry` WRITE;
/*!40000 ALTER TABLE `calendar_entry` DISABLE KEYS */;
INSERT INTO `calendar_entry` VALUES (14,'REPEAT',1050,1080,'		1,0,0,0,0,0,0','2017-06-11','2017-06-30',NULL,NULL),(15,'REPEAT',1140,1170,'		1,0,0,0,0,1,0','2017-06-11','2017-06-20',NULL,NULL),(16,'ONEOFF',NULL,NULL,NULL,NULL,NULL,'2017-06-17 19:08:00','2017-06-17 19:10:00'),(17,'ONEOFF',NULL,NULL,NULL,NULL,NULL,'2017-06-11 19:40:00','2017-06-11 19:50:00'),(18,'ONEOFF',NULL,NULL,NULL,NULL,NULL,'2017-06-17 14:00:00','2017-06-17 14:30:00'),(19,'REPEAT',780,810,'		0,1,1,1,1,1,0','2017-06-27','2017-06-30',NULL,NULL);
/*!40000 ALTER TABLE `calendar_entry` ENABLE KEYS */;
UNLOCK TABLES;

--
-- Table structure for table `client`
--

DROP TABLE IF EXISTS `client`;
/*!40101 SET @saved_cs_client     = @@character_set_client */;
/*!40101 SET character_set_client = utf8 */;
CREATE TABLE `client` (
  `id` int(11) NOT NULL AUTO_INCREMENT,
  `user_id` int(11) DEFAULT NULL,
  `picture_url` varchar(255) DEFAULT NULL,
  `statement` text,
  `email_setting` int(11) DEFAULT NULL,
  PRIMARY KEY (`id`),
  UNIQUE KEY `user_id_UNIQUE` (`user_id`),
  KEY `FK_client_user_id_idx` (`user_id`),
  CONSTRAINT `FK_client_user_id` FOREIGN KEY (`user_id`) REFERENCES `user` (`id`) ON DELETE CASCADE ON UPDATE CASCADE
) ENGINE=InnoDB AUTO_INCREMENT=829 DEFAULT CHARSET=utf8;
/*!40101 SET character_set_client = @saved_cs_client */;

--
-- Dumping data for table `client`
--

LOCK TABLES `client` WRITE;
/*!40000 ALTER TABLE `client` DISABLE KEYS */;
INSERT INTO `client` VALUES (677,677,NULL,NULL,NULL),(727,727,NULL,NULL,NULL),(827,827,'http://qzapp.qlogo.cn/qzapp/101249406/B91C42FB989987093A0D5D53E56DD40D/100',NULL,NULL),(828,828,'https://lh5.googleusercontent.com/-hS6-rqQJ9KY/AAAAAAAAAAI/AAAAAAAAHnc/S1BxpeKhy0A/s96-c/photo.jpg',NULL,NULL);
/*!40000 ALTER TABLE `client` ENABLE KEYS */;
UNLOCK TABLES;

--
-- Table structure for table `contact_us`
--

DROP TABLE IF EXISTS `contact_us`;
/*!40101 SET @saved_cs_client     = @@character_set_client */;
/*!40101 SET character_set_client = utf8 */;
CREATE TABLE `contact_us` (
  `id` int(11) NOT NULL AUTO_INCREMENT,
  `from_name` varchar(45) NOT NULL,
  `content` text NOT NULL,
  `status` int(1) NOT NULL DEFAULT '0',
  `user_id` int(11) DEFAULT NULL,
  `email` varchar(255) NOT NULL,
  PRIMARY KEY (`id`)
) ENGINE=InnoDB AUTO_INCREMENT=2 DEFAULT CHARSET=utf8;
/*!40101 SET character_set_client = @saved_cs_client */;

--
-- Dumping data for table `contact_us`
--

LOCK TABLES `contact_us` WRITE;
/*!40000 ALTER TABLE `contact_us` DISABLE KEYS */;
/*!40000 ALTER TABLE `contact_us` ENABLE KEYS */;
UNLOCK TABLES;

--
-- Table structure for table `lesson`
--

DROP TABLE IF EXISTS `lesson`;
/*!40101 SET @saved_cs_client     = @@character_set_client */;
/*!40101 SET character_set_client = utf8 */;
CREATE TABLE `lesson` (
  `id` int(11) NOT NULL AUTO_INCREMENT,
  `capacity` int(11) NOT NULL DEFAULT '1',
  `description` varchar(255) DEFAULT NULL,
  `status` varchar(40) NOT NULL,
  `title` varchar(100) DEFAULT NULL,
  `calendar` int(11) DEFAULT NULL,
  `client_id` int(11) DEFAULT NULL,
  `tutor_id` int(11) DEFAULT NULL,
  `request_date` datetime NOT NULL,
  PRIMARY KEY (`id`),
  KEY `FK_lesson_client_id` (`client_id`),
  KEY `FK_lesson_tutor_id` (`tutor_id`),
  KEY `INDX_lesson_status` (`status`),
  KEY `INDX_lesson_request_date` (`request_date`),
  KEY `FK_lesson_calendar` (`calendar`),
  CONSTRAINT `FK_lesson_calendar` FOREIGN KEY (`calendar`) REFERENCES `calendar_entry` (`id`) ON DELETE CASCADE,
  CONSTRAINT `FK_lesson_client_id` FOREIGN KEY (`client_id`) REFERENCES `client` (`id`),
  CONSTRAINT `FK_lesson_tutor_id` FOREIGN KEY (`tutor_id`) REFERENCES `tutor` (`id`)
) ENGINE=InnoDB AUTO_INCREMENT=327 DEFAULT CHARSET=utf8;
/*!40101 SET character_set_client = @saved_cs_client */;

--
-- Dumping data for table `lesson`
--

LOCK TABLES `lesson` WRITE;
/*!40000 ALTER TABLE `lesson` DISABLE KEYS */;
INSERT INTO `lesson` VALUES (201,1,'','INVALID',NULL,14,677,27,'2017-06-11 17:27:00'),(226,1,'','INVALID',NULL,15,677,27,'2017-06-11 18:57:00'),(251,1,'','INVALID',NULL,16,677,27,'2017-06-11 19:05:38'),(276,1,'','VALID',NULL,17,677,27,'2017-06-11 19:31:30'),(301,1,'','INVALID',NULL,18,677,27,'2017-06-11 21:46:56'),(326,1,'','VALID',NULL,19,677,27,'2017-06-27 04:47:57');
/*!40000 ALTER TABLE `lesson` ENABLE KEYS */;
UNLOCK TABLES;

--
-- Table structure for table `lesson_feedback`
--

DROP TABLE IF EXISTS `lesson_feedback`;
/*!40101 SET @saved_cs_client     = @@character_set_client */;
/*!40101 SET character_set_client = utf8 */;
CREATE TABLE `lesson_feedback` (
  `id` int(10) NOT NULL AUTO_INCREMENT,
  `tutor_id` int(10) DEFAULT NULL,
  `client_id` int(10) DEFAULT NULL,
  `lesson_item_id` int(10) DEFAULT NULL,
  `success` int(1) NOT NULL DEFAULT '0',
  `lesson_rate` int(1) NOT NULL DEFAULT '0',
  `tutor_rate` int(1) NOT NULL DEFAULT '0',
  `fail_reason` int(1) NOT NULL DEFAULT '1',
  `comment` text,
  PRIMARY KEY (`id`),
  KEY `FK_feedback_tutor_id_idx` (`tutor_id`),
  KEY `FK_feedback_client_id_idx` (`client_id`),
  KEY `FK_feedback_lesson_item_id_idx` (`lesson_item_id`),
  CONSTRAINT `FK_feedback_client_id` FOREIGN KEY (`client_id`) REFERENCES `client` (`id`) ON DELETE NO ACTION ON UPDATE NO ACTION,
  CONSTRAINT `FK_feedback_lesson_item_id` FOREIGN KEY (`lesson_item_id`) REFERENCES `lesson_item` (`id`) ON DELETE NO ACTION ON UPDATE NO ACTION,
  CONSTRAINT `FK_feedback_tutor_id` FOREIGN KEY (`tutor_id`) REFERENCES `tutor` (`id`) ON DELETE NO ACTION ON UPDATE NO ACTION
) ENGINE=InnoDB AUTO_INCREMENT=3 DEFAULT CHARSET=utf8;
/*!40101 SET character_set_client = @saved_cs_client */;

--
-- Dumping data for table `lesson_feedback`
--

LOCK TABLES `lesson_feedback` WRITE;
/*!40000 ALTER TABLE `lesson_feedback` DISABLE KEYS */;
INSERT INTO `lesson_feedback` VALUES (1,27,677,177,1,0,0,0,''),(2,27,677,176,1,0,0,0,'');
/*!40000 ALTER TABLE `lesson_feedback` ENABLE KEYS */;
UNLOCK TABLES;

--
-- Table structure for table `lesson_item`
--

DROP TABLE IF EXISTS `lesson_item`;
/*!40101 SET @saved_cs_client     = @@character_set_client */;
/*!40101 SET character_set_client = utf8 */;
CREATE TABLE `lesson_item` (
  `id` int(11) NOT NULL AUTO_INCREMENT,
  `description` varchar(255) DEFAULT NULL,
  `from_time` datetime NOT NULL,
  `to_time` datetime NOT NULL,
  `title` varchar(255) DEFAULT NULL,
  `lesson_id` int(11) NOT NULL,
  `mask_date` date NOT NULL,
  `status` varchar(45) NOT NULL,
  `feedback_status` varchar(45) NOT NULL,
  PRIMARY KEY (`id`),
  KEY `FK_lesson_item_lesson_id` (`lesson_id`),
  CONSTRAINT `FK_lesson_item_lesson_id` FOREIGN KEY (`lesson_id`) REFERENCES `lesson` (`id`)
) ENGINE=InnoDB AUTO_INCREMENT=202 DEFAULT CHARSET=utf8;
/*!40101 SET character_set_client = @saved_cs_client */;

--
-- Dumping data for table `lesson_item`
--

LOCK TABLES `lesson_item` WRITE;
/*!40000 ALTER TABLE `lesson_item` DISABLE KEYS */;
INSERT INTO `lesson_item` VALUES (176,'','2017-06-17 19:08:00','2017-06-17 19:10:00',NULL,251,'2017-06-22','SNAPSHOT','CLIENT_FEEDBACK'),(177,'','2017-06-17 14:00:00','2017-06-17 14:30:00',NULL,301,'2017-06-22','SNAPSHOT','CLIENT_FEEDBACK'),(201,'','2017-06-27 13:00:00','2017-06-27 13:30:00',NULL,326,'2017-06-27','SNAPSHOT','NO_FEEDBACK');
/*!40000 ALTER TABLE `lesson_item` ENABLE KEYS */;
UNLOCK TABLES;

--
-- Table structure for table `seq_num`
--

DROP TABLE IF EXISTS `seq_num`;
/*!40101 SET @saved_cs_client     = @@character_set_client */;
/*!40101 SET character_set_client = utf8 */;
CREATE TABLE `seq_num` (
  `name` varchar(50) NOT NULL,
  `value` int(11) NOT NULL,
  PRIMARY KEY (`name`)
) ENGINE=InnoDB DEFAULT CHARSET=utf8;
/*!40101 SET character_set_client = @saved_cs_client */;

--
-- Dumping data for table `seq_num`
--

LOCK TABLES `seq_num` WRITE;
/*!40000 ALTER TABLE `seq_num` DISABLE KEYS */;
INSERT INTO `seq_num` VALUES ('lesson',350),('lesson_item',225),('timesheet',26),('user',851);
/*!40000 ALTER TABLE `seq_num` ENABLE KEYS */;
UNLOCK TABLES;

--
-- Table structure for table `timesheet`
--

DROP TABLE IF EXISTS `timesheet`;
/*!40101 SET @saved_cs_client     = @@character_set_client */;
/*!40101 SET character_set_client = utf8 */;
CREATE TABLE `timesheet` (
  `id` int(11) NOT NULL,
  `def_value` varchar(400) NOT NULL,
  PRIMARY KEY (`id`)
) ENGINE=InnoDB DEFAULT CHARSET=latin1;
/*!40101 SET character_set_client = @saved_cs_client */;

--
-- Dumping data for table `timesheet`
--

LOCK TABLES `timesheet` WRITE;
/*!40000 ALTER TABLE `timesheet` DISABLE KEYS */;
INSERT INTO `timesheet` VALUES (2,'000000000000000000000000000000000000000000000000000000000000000000000000000000000000111100000000000000000000000000000000000000000000000000000000000000000000000000000000000000000000000000000000000000000000000000000000000000000000000000000000000000000000000000000000000000000000000000000000000000000000000000000000000000011001100000000000');
/*!40000 ALTER TABLE `timesheet` ENABLE KEYS */;
UNLOCK TABLES;

--
-- Table structure for table `timesheet_item`
--

DROP TABLE IF EXISTS `timesheet_item`;
/*!40101 SET @saved_cs_client     = @@character_set_client */;
/*!40101 SET character_set_client = utf8 */;
CREATE TABLE `timesheet_item` (
  `timesheet_id` int(11) NOT NULL,
  `ref_date` datetime NOT NULL,
  `value` varchar(400) NOT NULL,
  PRIMARY KEY (`timesheet_id`,`ref_date`),
  CONSTRAINT `fk_timesheet_item_1` FOREIGN KEY (`timesheet_id`) REFERENCES `timesheet` (`id`)
) ENGINE=InnoDB DEFAULT CHARSET=latin1;
/*!40101 SET character_set_client = @saved_cs_client */;

--
-- Dumping data for table `timesheet_item`
--

LOCK TABLES `timesheet_item` WRITE;
/*!40000 ALTER TABLE `timesheet_item` DISABLE KEYS */;
INSERT INTO `timesheet_item` VALUES (2,'2017-06-18 00:00:00','000000000000000000000000000000000000000000000000000000000000000000000000000000000000111100000000000000000000000000000000000000000000000000000000000000000000000000000000000000000000000000000000000000000000000000000000000000000000000000000000000000000000000000000000000000000000000000000000000000000000000000000000000000011101100000000000'),(2,'2017-06-25 00:00:00','000000000000000000000000000000000000000000000000000000000000000000000000000000000000111100000000000000000000000000000000000000000000000000000000000000000000000000000000000000000000000000000000000000000000000000000000000000000000000000000000000000000000000000000000000000000000000000000000000000000000000000000000000000111001100000000000');
/*!40000 ALTER TABLE `timesheet_item` ENABLE KEYS */;
UNLOCK TABLES;

--
-- Table structure for table `todo`
--

DROP TABLE IF EXISTS `todo`;
/*!40101 SET @saved_cs_client     = @@character_set_client */;
/*!40101 SET character_set_client = utf8 */;
CREATE TABLE `todo` (
  `id` int(11) NOT NULL AUTO_INCREMENT,
  `context` text NOT NULL,
  `owner_id` int(11) NOT NULL,
  `type` varchar(45) NOT NULL,
  `expire_time` datetime NOT NULL,
  `ref_id` int(11) NOT NULL,
  PRIMARY KEY (`id`),
  KEY `FK_todo_owner_id_idx` (`owner_id`),
  CONSTRAINT `FK_todo_owner_id` FOREIGN KEY (`owner_id`) REFERENCES `user` (`id`) ON DELETE NO ACTION ON UPDATE NO ACTION
) ENGINE=InnoDB AUTO_INCREMENT=4 DEFAULT CHARSET=utf8;
/*!40101 SET character_set_client = @saved_cs_client */;

--
-- Dumping data for table `todo`
--

LOCK TABLES `todo` WRITE;
/*!40000 ALTER TABLE `todo` DISABLE KEYS */;
INSERT INTO `todo` VALUES (3,'{\"lessonTutorId\":27,\"lessonWith\":\"cathy\",\"lessonFrom\":1498568400000,\"lessonTo\":1498570200000}',677,'CLIENT_FEEDBACK','2017-07-04 13:00:00',201);
/*!40000 ALTER TABLE `todo` ENABLE KEYS */;
UNLOCK TABLES;

--
-- Table structure for table `tutor`
--

DROP TABLE IF EXISTS `tutor`;
/*!40101 SET @saved_cs_client     = @@character_set_client */;
/*!40101 SET character_set_client = utf8 */;
CREATE TABLE `tutor` (
  `id` int(11) NOT NULL AUTO_INCREMENT,
  `user_id` int(11) DEFAULT NULL,
  `timesheet_id` int(11) DEFAULT NULL,
  `description` text,
  `picture_url` varchar(255) DEFAULT NULL,
  `popular_level` int(10) NOT NULL DEFAULT '0',
  `statement` varchar(255) DEFAULT NULL,
  `info_aboutme` text,
  `info_working` text,
  `info_edu` text,
  PRIMARY KEY (`id`),
  UNIQUE KEY `user_id_UNIQUE` (`user_id`),
  KEY `FK_tutor_user_id_idx` (`user_id`),
  KEY `INDX_popular_level` (`popular_level`),
  KEY `fk_tutor_timesheet_id_idx` (`timesheet_id`),
  CONSTRAINT `FK_tutor_user_id` FOREIGN KEY (`user_id`) REFERENCES `user` (`id`) ON DELETE CASCADE ON UPDATE CASCADE,
  CONSTRAINT `fk_tutor_timesheet_id` FOREIGN KEY (`timesheet_id`) REFERENCES `timesheet` (`id`) ON DELETE NO ACTION ON UPDATE NO ACTION
) ENGINE=InnoDB AUTO_INCREMENT=28 DEFAULT CHARSET=utf8;
/*!40101 SET character_set_client = @saved_cs_client */;

--
-- Dumping data for table `tutor`
--

LOCK TABLES `tutor` WRITE;
/*!40000 ALTER TABLE `tutor` DISABLE KEYS */;
INSERT INTO `tutor` VALUES (27,27,2,'Thousands of people paraded shirt-free around the world Sunday to push for laws that would allow women to go topless in public. \"It\'s absurd that someone has judged topless women as obscene, and yet topless men is considered normal in our culture,\" said Carolyn Estes, a participant in Sunday\'s parade in Austin, Texas.','',0,'I am a native English speaker if you believe it','„ÄäÁõ∏ËÅ≤Ë™™ÂûÆÈ¨ºÂ≠êÂÄë„Äã	1997Âπ¥05ÊúàÊñºÂè∞ÂåóÊñ∞ËàûËá∫È¶ñÊºî\nÊºîÂì°ÔºöÈ¶ÆÁøäÁ∂±„ÄÅÂÆãÂ∞ëÂçø\nÊÆµÁõÆÔºö‰∏äÂçäÂ†¥„ÄàÂêêÁó∞Ë´ñ„Äâ„ÄàÂ¶ÇÊûúÊàëÊòØÂßîÂì°Èï∑„Äâ„ÄàÁÖéÈ§ÖÊûúÂ≠ê„Äâ„ÄàÊäºÂØ∂„ÄâÔºõ‰∏ãÂçäÂ†¥„ÄàÊºîË¨õÊØîË≥Ω„Äâ„ÄàÂ∞èÊîæÁâõ„Äâ\nÊú¨ÂäáÊòØÊ†πÊìöÊ¢ÅÂØ¶ÁßãÂÖàÁîüÊâÄÂØ´ÁöÑ„ÄäÁõ∏ËÅ≤Ë®ò„ÄãÂÅöÂâµÊÑèÁôºÊÉ≥[4]ÔºåÂ°ëÈÄ†Âá∫„ÄåÊ¢ÅÂ∞èÁßã„ÄçËàá„ÄåËòáÂ§ßÊò•„ÄçÂÖ©ÂÄãËßíËâ≤ÔºåÈÅìÂá∫ÊôÇ‰∏ã‰∫∫Ê∞ëÁöÑÊØõÁóÖËàáÊ∑±ÂàªÂëΩÈ°å„ÄÇÊõæÁ∂ìÁôºË°åÈÅéÈåÑÈü≥Âç°Â∏∂ÔºåÂ∑≤ÁµïÁâàÔºå2003Âπ¥Áî±Ëø™Âç°Âî±ÁâáÂÖ¨Âè∏ÈáçÊñ∞ÁôºË°åÁÇ∫4ÁâáË£ùCD„ÄÇ','','');
/*!40000 ALTER TABLE `tutor` ENABLE KEYS */;
UNLOCK TABLES;

--
-- Table structure for table `user`
--

DROP TABLE IF EXISTS `user`;
/*!40101 SET @saved_cs_client     = @@character_set_client */;
/*!40101 SET character_set_client = utf8 */;
CREATE TABLE `user` (
  `id` int(11) NOT NULL AUTO_INCREMENT,
  `display_name` varchar(255) NOT NULL,
  `email` varchar(255) NOT NULL,
  `name` varchar(255) NOT NULL,
  `password` varchar(255) DEFAULT NULL,
  `time_zone` varchar(50) DEFAULT NULL,
  `type` varchar(25) NOT NULL,
  `activated` int(1) NOT NULL DEFAULT '0',
  `activate_code` varchar(128) DEFAULT NULL,
  `source_system` varchar(45) DEFAULT NULL,
  `source_id` varchar(100) DEFAULT NULL,
  PRIMARY KEY (`id`),
  UNIQUE KEY `email_UNIQUE` (`email`),
  UNIQUE KEY `name_UNIQUE` (`name`),
  KEY `INDX_user_activate_code` (`activate_code`),
  KEY `INDX_user_source` (`source_system`,`source_id`)
) ENGINE=InnoDB AUTO_INCREMENT=829 DEFAULT CHARSET=utf8;
/*!40101 SET character_set_client = @saved_cs_client */;

--
-- Dumping data for table `user`
--

LOCK TABLES `user` WRITE;
/*!40000 ALTER TABLE `user` DISABLE KEYS */;
INSERT INTO `user` VALUES (20,'Admin','admin@tutorcan.com','admin','8e6be44b27123b18bc82832034dbee87','US/Central','admin',1,NULL,NULL,NULL),(27,'Cathy Yang','moodever@gmail.com','cathy','8e6be44b27123b18bc82832034dbee87','Asia/Shanghai','tutor',1,NULL,NULL,NULL),(677,'Harper Jiang','harperjiang@msn.com','harper','8e6be44b27123b18bc82832034dbee87','US/Central','client',1,NULL,NULL,NULL),(727,'Claire Ling Jiang','claire.ling.jiang@gmail.com','clairejiang','6a6ec27ab644fe6a76ea08d789f9b34','US/Mountain','client',0,'145c97a3-62a1-4027-ba6e-e6ea23edaded',NULL,NULL),(827,'Harper','1750082295@qq.com','harperqq',NULL,'US/Pacific','client',0,'b1475cf2-a756-415c-8d2b-e0f01fd706fb','QQ','B91C42FB989987093A0D5D53E56DD40D'),(828,'Hao Jiang','harperjiang@gmail.com','harpergoogle',NULL,'US/Central','client',1,NULL,'Google','111441969202729426236');
/*!40000 ALTER TABLE `user` ENABLE KEYS */;
UNLOCK TABLES;
/*!40103 SET TIME_ZONE=@OLD_TIME_ZONE */;

/*!40101 SET SQL_MODE=@OLD_SQL_MODE */;
/*!40014 SET FOREIGN_KEY_CHECKS=@OLD_FOREIGN_KEY_CHECKS */;
/*!40014 SET UNIQUE_CHECKS=@OLD_UNIQUE_CHECKS */;
/*!40101 SET CHARACTER_SET_CLIENT=@OLD_CHARACTER_SET_CLIENT */;
/*!40101 SET CHARACTER_SET_RESULTS=@OLD_CHARACTER_SET_RESULTS */;
/*!40101 SET COLLATION_CONNECTION=@OLD_COLLATION_CONNECTION */;
/*!40111 SET SQL_NOTES=@OLD_SQL_NOTES */;

-- Dump completed on 2017-06-27 12:40:46
